{
  "worm": {
    "module_mm": 2,
    "num_starts": 1,
    "pitch_diameter_mm": 16,
    "tip_diameter_mm": 20,
    "root_diameter_mm": 11,
    "lead_mm": 6.283185307179586,
    "lead_angle_deg": 7.125016348901798,
    "addendum_mm": 2,
    "dedendum_mm": 2.5,
    "thread_thickness_mm": 3.141592653589793,
    "hand": "right",
    "profile_shift": 0,
    "type": null,
    "throat_reduction_mm": null,
    "throat_curvature_radius_mm": null,
    "length_mm": null
  },
  "wheel": {
    "module_mm": 2,
    "num_teeth": 30,
    "pitch_diameter_mm": 60,
    "tip_diameter_mm": 64,
    "root_diameter_mm": 55,
    "throat_diameter_mm": 62,
    "helix_angle_deg": 82.8749836510982,
    "addendum_mm": 2,
    "dedendum_mm": 2.5,
    "profile_shift": 0,
    "width_mm": null
  },
  "assembly": {
    "centre_distance_mm": 38,
    "pressure_angle_deg": 20,
    "backlash_mm": 0,
    "hand": "right",
    "ratio": 30,
    "efficiency_percent": 69.67587984759666,
    "self_locking": false
  },
  "features": null,
  "manufacturing": {
    "profile": "ZA",
    "virtual_hobbing": false,
    "hobbing_steps": 72,
    "throated_wheel": false,
    "sections_per_turn": 36,
    "worm_length_mm": 34.37,
    "wheel_width_mm": 20.8,
    "use_recommended_dims": true,
    "worm_length": null,
    "wheel_width": null
  },
  "schema_version": "1.0",
  "bore": {
    "worm_bore_type": "auto",
    "worm_bore_diameter": 8,
    "worm_keyway": "none",
    "wheel_bore_type": "auto",
    "wheel_bore_diameter": 12,
    "wheel_keyway": "none"
  }
}